step,baseline_loss,frequency_moe_loss
10,12.1358,12.1159
20,12.0975,12.0822
30,12.0076,12.0024
40,11.8416,11.8635
50,11.5205,11.5849
60,11.0694,11.2371
70,10.7835,10.9248
80,10.5616,10.6647
90,10.4767,10.5698
100,10.3772,10.4621
110,10.3361,10.4002
120,10.2077,10.2606
130,10.1329,10.1824
140,10.024,10.0725
150,9.9394,9.9956
160,9.8318,9.8905
170,9.7438,9.7956
180,9.6849,9.7395
190,9.5463,9.6034
200,9.4212,9.4827
210,9.3191,9.3857
220,9.2008,9.2811
230,9.0216,9.1165
240,8.9416,9.0613
250,8.8005,8.9361
260,8.7153,8.8454
270,8.5583,8.7356
280,8.4677,8.6422
290,8.3048,8.4919
300,8.2289,8.4351
310,8.0861,8.3069
320,8.0184,8.2451
330,8.0037,8.2273
340,7.8875,8.1263
350,7.7855,8.0401
360,7.6997,7.951
370,7.6523,7.91
380,7.635,7.8786
390,7.5431,7.7886
400,7.5122,7.7575
410,7.4936,7.7373
420,7.3733,7.6332
430,7.3568,7.6193
440,7.3624,7.6258
450,7.308,7.5756
460,7.293,7.5734
470,7.2528,7.5477
480,7.154,7.4487
490,7.0967,7.3958
500,7.0898,7.3867
510,7.0786,7.376
520,7.0501,7.3362
530,7.0154,7.2978
540,7.0498,7.3176
550,7.0237,7.2906
560,6.919,7.1865
570,6.9376,7.1884
580,6.9174,7.1694
590,6.9181,7.1731
600,6.8257,7.0665
610,6.8093,7.0502
620,6.8728,7.0988
630,6.8783,7.1111
640,6.6796,6.9136
650,6.8176,7.0423
660,6.7399,6.9611
670,6.587,6.815
680,6.6256,6.8379
690,6.6381,6.8484
700,6.6147,6.8255
710,6.5513,6.7645
720,6.5011,6.7067
730,6.4937,6.698
740,6.5268,6.7263
750,6.4708,6.6787
760,6.4603,6.6669
770,6.4508,6.6481
780,6.4823,6.6839
790,6.3831,6.5768
800,6.297,6.4939
810,6.2479,6.4664
820,6.4196,6.6055
830,6.3891,6.5789
840,6.3018,6.4982
850,6.244,6.4405
860,6.4491,6.64
870,6.3266,6.5137
880,6.3155,6.4911
890,6.1707,6.3553
900,6.1734,6.3604
910,6.1976,6.3805
920,6.2825,6.4618
930,6.1843,6.3623
940,6.1167,6.3007
950,6.1372,6.3208
960,6.1529,6.328
970,6.1461,6.3206
980,6.16,6.3302
990,6.0678,6.253
1000,6.1174,6.2925
1010,6.042,6.2166
1020,6.0683,6.2394
1030,5.9771,6.1498
1040,6.0311,6.2031
1050,6.0197,6.193
1060,6.0203,6.1961
1070,6.0842,6.252
1080,6.0581,6.2224
1090,6.0643,6.2352
1100,5.9608,6.1264
1110,5.9237,6.0852
1120,5.8494,6.0187
1130,5.9359,6.1007
1140,5.846,6.0192
1150,5.9141,6.0758
1160,5.9744,6.1365
1170,5.8601,6.0317
1180,5.8576,6.0243
1190,5.8797,6.0421
1200,5.8212,5.9803
1210,5.8242,5.9918
1220,5.8201,5.9887
1230,5.7473,5.9194
1240,5.8157,5.98
1250,5.8622,6.0229
1260,5.7205,5.878
1270,5.6596,5.8272
1280,5.7111,5.8872
1290,5.6924,5.8589
1300,5.7715,5.921
1310,5.7082,5.8689
1320,5.6684,5.8428
1330,5.6212,5.7865
1340,5.679,5.8339
1350,5.6437,5.8077
1360,5.58,5.7468
1370,5.6105,5.7756
1380,5.6043,5.7775
1390,5.6013,5.7677
1400,5.6355,5.7962
1410,5.574,5.7403
1420,5.6039,5.7635
1430,5.6448,5.8089
1440,5.5863,5.7501
1450,5.5669,5.7267
1460,5.5609,5.7294
1470,5.4786,5.6429
1480,5.5712,5.7348
1490,5.4657,5.6315
1500,5.5966,5.771
1510,5.4748,5.6459
1520,5.5064,5.6916
1530,5.4762,5.6447
1540,5.5111,5.6809
1550,5.4132,5.5917
1560,5.4351,5.6045
1570,5.5209,5.6954
1580,5.4195,5.5933
1590,5.3267,5.5172
1600,5.361,5.534
1610,5.3996,5.5772
1620,5.528,5.7058
1630,5.3188,5.4896
1640,5.3637,5.5385
1650,5.3235,5.4955
1660,5.3649,5.5281
1670,5.38,5.5535
1680,5.3498,5.5246
1690,5.2275,5.4005
1700,5.2616,5.4409
1710,5.3345,5.5166
1720,5.3288,5.5083
1730,5.2587,5.4349
1740,5.355,5.5286
1750,5.2302,5.4034
1760,5.2573,5.4364
1770,5.2915,5.4675
1780,5.2632,5.4321
1790,5.1922,5.3617
1800,5.22,5.3965
1810,5.2301,5.4034
1820,5.1666,5.3372
1830,5.2443,5.4107
1840,5.2962,5.4656
1850,5.1731,5.3448
1860,5.2308,5.3976
1870,5.1521,5.3227
1880,5.1225,5.2904
1890,5.1086,5.2732
1900,5.1065,5.2739
1910,5.1454,5.3181
1920,5.1602,5.3278
1930,5.1531,5.319
1940,5.1773,5.341
1950,5.1226,5.2905
1960,5.0912,5.2501
1970,5.0716,5.2311
1980,4.9647,5.1161
1990,5.1006,5.2626
2000,5.1148,5.2848
2010,5.0028,5.1621
2020,5.008,5.1678
2030,5.0726,5.2403
2040,5.0518,5.2217
2050,5.0677,5.2272
2060,5.0542,5.22
2070,5.0099,5.1598
2080,4.9695,5.1273
2090,4.9671,5.1321
2100,5.0233,5.1871
2110,5.0443,5.2024
2120,5.0737,5.2301
2130,4.9544,5.1278
2140,4.9689,5.1213
2150,4.9459,5.1046
2160,4.9535,5.1147
2170,4.9206,5.0803
2180,4.9214,5.0815
2190,4.7623,4.9349
2200,4.9562,5.1051
2210,4.9462,5.0985
2220,4.8818,5.038
2230,4.8744,5.0285
2240,4.9463,5.1086
2250,4.9594,5.1213
2260,4.8847,5.0358
2270,4.8487,5.0059
2280,4.9132,5.0704
2290,4.8653,5.0279
2300,5.0178,5.17
2310,4.8808,5.0403
2320,4.815,4.9654
2330,4.9341,5.0795
2340,4.876,5.0212
2350,4.8717,5.025
2360,4.7677,4.9204
2370,4.7904,4.9339
2380,4.7383,4.9036
2390,4.8058,4.949
2400,4.8082,4.9505
2410,4.8495,4.9962
2420,4.8351,4.9825
2430,4.7818,4.9309
2440,4.8521,4.9986
2450,4.7326,4.8792
2460,4.7424,4.893
2470,4.7912,4.9433
2480,4.7427,4.887
2490,4.6767,4.8285
2500,4.7728,4.9222
2510,4.7433,4.8895
2520,4.6966,4.8422
2530,4.752,4.9016
2540,4.7487,4.8908
2550,4.8067,4.9426
2560,4.811,4.9564
2570,4.7646,4.9103
2580,4.788,4.9292
2590,4.705,4.8461
2600,4.7099,4.8575
2610,4.7671,4.9091
2620,4.7216,4.8651
2630,4.5671,4.7058
2640,4.5667,4.7094
2650,4.7143,4.8535
2660,4.6896,4.827
2670,4.6939,4.8379
2680,4.6009,4.7429
2690,4.7083,4.8436
2700,4.5505,4.6944
2710,4.625,4.7707
2720,4.6803,4.8234
2730,4.6204,4.7652
2740,4.6438,4.7792
2750,4.7021,4.847
2760,4.6232,4.7624
2770,4.619,4.7663
2780,4.6265,4.7787
2790,4.6484,4.787
2800,4.6838,4.8173
2810,4.6709,4.804
2820,4.6747,4.8163
2830,4.6112,4.7522
2840,4.6095,4.7508
2850,4.6522,4.7782
2860,4.6448,4.7741
2870,4.5794,4.7147
2880,4.5721,4.7056
2890,4.4796,4.614
2900,4.5561,4.6898
2910,4.6093,4.745
2920,4.6341,4.7708
2930,4.5859,4.7194
2940,4.6342,4.767
2950,4.62,4.7564
2960,4.5881,4.7131
2970,4.5405,4.6744
2980,4.5735,4.7109
2990,4.6096,4.7436
3000,4.5696,4.7052
3010,4.6195,4.7517
3020,4.5626,4.7001
3030,4.4954,4.6268
3040,4.5578,4.6859
3050,4.5294,4.665
3060,4.6123,4.7465
3070,4.56,4.6905
3080,4.5268,4.6555
3090,4.5591,4.6852
3100,4.5622,4.696
3110,4.562,4.6963
3120,4.6033,4.7302
3130,4.5023,4.6351
3140,4.5547,4.6878
3150,4.5586,4.6891
3160,4.5546,4.6851
3170,4.5043,4.6287
3180,4.4945,4.6228
3190,4.5222,4.6518
3200,4.5224,4.6523
3210,4.506,4.638
3220,4.492,4.6286
3230,4.4016,4.5341
3240,4.4245,4.5493
3250,4.5226,4.6541
3260,4.4992,4.6323
3270,4.4953,4.6299
3280,4.4765,4.602
3290,4.5029,4.6308
3300,4.4311,4.5597
3310,4.4986,4.6218
3320,4.4361,4.5584
3330,4.5316,4.6574
3340,4.3789,4.501
3350,4.4884,4.6233
3360,4.4048,4.5335
3370,4.5293,4.6515
3380,4.4148,4.55
3390,4.5295,4.6514
3400,4.3478,4.474
3410,4.4827,4.6052
3420,4.4604,4.5888
3430,4.4052,4.5332
3440,4.4865,4.6092
3450,4.3219,4.4548
3460,4.4224,4.5466
3470,4.4432,4.5647
3480,4.413,4.5377
3490,4.4615,4.5856
3500,4.4604,4.5875
3510,4.3411,4.4672
3520,4.4175,4.5416
3530,4.3989,4.5277
3540,4.4213,4.5466
3550,4.4495,4.5775
3560,4.4474,4.5663
3570,4.4463,4.5807
3580,4.4122,4.5221
3590,4.4214,4.543
3600,4.3762,4.4988
3610,4.419,4.54
3620,4.4085,4.538
3630,4.3521,4.4785
3640,4.4553,4.5702
3650,4.3703,4.487
3660,4.3057,4.4318
3670,4.4793,4.594
3680,4.3975,4.5228
3690,4.3317,4.4608
3700,4.4254,4.5386
3710,4.4113,4.5331
3720,4.3497,4.4725
3730,4.2773,4.4092
3740,4.3204,4.4468
3750,4.3073,4.4239
3760,4.3354,4.451
3770,4.3883,4.5029
3780,4.4032,4.5213
3790,4.3707,4.4855
3800,4.3928,4.5065
3810,4.3187,4.4395
3820,4.3071,4.4343
3830,4.3722,4.5002
3840,4.3664,4.4878
3850,4.3393,4.4551
3860,4.3839,4.5011
3870,4.3912,4.5078
3880,4.2936,4.4075
3890,4.3384,4.4572
3900,4.3162,4.4333
3910,4.3521,4.4707
3920,4.3621,4.4848
3930,4.3066,4.4245
3940,4.2677,4.3802
3950,4.3289,4.4367
3960,4.3307,4.4466
3970,4.4097,4.525
3980,4.2959,4.4077
3990,4.3278,4.4506
4000,4.3231,4.4398
4010,4.3298,4.447
4020,4.3235,4.4383
4030,4.202,4.3206
4040,4.2786,4.3977
4050,4.251,4.3659
4060,4.302,4.4191
4070,4.2499,4.3678
4080,4.3356,4.4512
4090,4.334,4.4522
4100,4.2645,4.3818
4110,4.277,4.3906
4120,4.3485,4.4606
4130,4.3398,4.4506
4140,4.2759,4.3925
4150,4.2803,4.3986
4160,4.2542,4.3702
4170,4.3188,4.4385
4180,4.339,4.4546
4190,4.2386,4.3559
4200,4.3147,4.4213
4210,4.2927,4.4068
4220,4.2679,4.3807
4230,4.2125,4.3295
4240,4.2284,4.3458
4250,4.1988,4.317
4260,4.2249,4.3421
4270,4.3333,4.4432
4280,4.2487,4.3626
4290,4.1488,4.2639
4300,4.2647,4.3731
4310,4.19,4.3084
4320,4.221,4.332
4330,4.3024,4.4259
4340,4.2806,4.3906
4350,4.2594,4.3784
4360,4.2469,4.3535
4370,4.2419,4.3614
4380,4.2292,4.3458
4390,4.1719,4.2819
4400,4.2232,4.3373
4410,4.2004,4.3158
4420,4.1795,4.294
4430,4.1682,4.2777
4440,4.2168,4.335
4450,4.2623,4.3715
4460,4.274,4.3829
4470,4.2773,4.3929
4480,4.1126,4.2223
4490,4.1902,4.303
4500,4.2128,4.3274
4510,4.2425,4.3562
4520,4.2489,4.3593
4530,4.2115,4.3256
4540,4.1764,4.29
4550,4.1287,4.2327
4560,4.1522,4.2657
4570,4.1604,4.276
4580,4.2269,4.3418
4590,4.148,4.2661
4600,4.1023,4.2149
4610,4.1064,4.2277
4620,4.1807,4.2935
4630,4.1773,4.2921
4640,4.1778,4.2869
4650,4.1622,4.279
4660,4.2332,4.3481
4670,4.1174,4.2317
4680,4.133,4.2438
4690,4.1179,4.2348
4700,4.1574,4.2752
4710,4.2565,4.3666
4720,4.2729,4.3747
4730,4.2231,4.3382
4740,4.1904,4.3055
4750,4.2219,4.3288
4760,4.1177,4.2316
4770,4.2314,4.3411
4780,4.1545,4.2647
4790,4.1902,4.2999
4800,4.1193,4.2401
4810,4.1343,4.2509
4820,4.1847,4.2947
4830,4.184,4.3012
4840,4.1418,4.2516
4850,4.0978,4.2115
4860,4.1348,4.2449
4870,4.2339,4.3389
4880,4.1271,4.2375
4890,4.2179,4.3332
4900,4.202,4.3155
4910,4.1831,4.2953
4920,4.1503,4.2606
4930,4.0844,4.1914
4940,4.2302,4.3389
4950,4.1554,4.2705
4960,4.2105,4.3185
4970,4.1142,4.2176
4980,4.1185,4.2265
4990,4.0877,4.1947
5000,4.168,4.2754
5010,4.1676,4.2777
5020,4.1966,4.3012
5030,4.1545,4.2692
5040,4.1192,4.2284
5050,4.1045,4.215
5060,4.144,4.2502
5070,4.1828,4.2937
5080,4.1974,4.302
5090,4.2218,4.3309
5100,4.1609,4.2698
5110,4.1114,4.22
5120,4.0913,4.1986
5130,4.1317,4.2444
5140,4.1864,4.2947
5150,4.1774,4.283
5160,4.0862,4.199
5170,4.0854,4.1897
5180,4.0911,4.2026
5190,4.0797,4.1855
5200,4.1357,4.2412
5210,4.1388,4.2443
5220,4.1605,4.2677
5230,4.1266,4.2341
5240,4.1149,4.2278
5250,4.0761,4.1835
5260,4.0581,4.1632
5270,4.1327,4.2419
5280,4.0635,4.1744
5290,4.1467,4.2596
5300,4.1196,4.2278
5310,4.0622,4.1648
5320,4.1253,4.2264
5330,4.1291,4.2369
5340,4.1132,4.2252
5350,4.1007,4.2065
5360,4.1227,4.2285
5370,3.9871,4.0959
5380,4.0661,4.1736
5390,4.115,4.2139
5400,4.0763,4.1786
5410,4.1415,4.2405
5420,3.9883,4.0917
5430,4.1784,4.286
5440,4.164,4.2631
5450,4.0256,4.1353
5460,4.0603,4.1709
5470,4.0529,4.1535
5480,3.989,4.1003
5490,4.0912,4.1936
5500,4.0327,4.142
5510,4.0854,4.1966
5520,4.1594,4.2604
5530,4.1123,4.215
5540,4.1015,4.2148
5550,4.1232,4.2258
5560,3.9741,4.08
5570,4.1355,4.2386
5580,4.1886,4.2918
5590,4.0695,4.1774
5600,4.095,4.1923
5610,4.0834,4.1861
5620,4.1906,4.2932
5630,4.0659,4.1716
5640,4.0896,4.198
5650,4.0573,4.1644
5660,4.048,4.1584
5670,3.9955,4.105
5680,4.0845,4.19
5690,4.0859,4.1916
5700,3.9705,4.0755
5710,4.087,4.1905
5720,4.0851,4.1884
5730,4.0169,4.1253
5740,4.0954,4.1999
5750,4.0485,4.1534
5760,3.955,4.0604
5770,3.9658,4.0752
5780,4.0041,4.1076
5790,3.9952,4.0971
5800,3.9833,4.0845
5810,4.1091,4.2125
5820,4.0256,4.1296
5830,4.1419,4.2419
5840,4.0776,4.1825
5850,4.0333,4.1355
5860,3.9914,4.0904
5870,4.0399,4.1421
5880,4.0519,4.158
5890,3.99,4.093
5900,4.0603,4.1603
5910,3.919,4.0289
5920,4.0251,4.1301
5930,4.085,4.1875
5940,3.9716,4.0785
5950,4.0238,4.1332
5960,4.0307,4.1315
5970,4.0886,4.1958
5980,4.004,4.1023
5990,3.9845,4.0885
6000,3.9985,4.1107
6010,4.0379,4.144
6020,4.0732,4.1708
6030,4.0056,4.1032
6040,4.0218,4.1256
6050,4.0182,4.1209
6060,4.0246,4.1274
6070,4.1093,4.2163
6080,3.9921,4.0905
6090,4.0199,4.1301
6100,3.964,4.0689
6110,4.0493,4.1574
6120,4.0783,4.1816
6130,4.0267,4.1284
6140,4.0265,4.1306
6150,3.9498,4.0572
6160,4.0651,4.168
6170,3.934,4.0413
6180,3.946,4.0458
6190,4.0186,4.1215
6200,4.0914,4.1972
6210,3.9962,4.0981
6220,3.9649,4.0698
6230,3.9651,4.0717
6240,4.0293,4.133
6250,3.9494,4.0551
6260,4.0336,4.1386
6270,3.9668,4.0761
6280,4.0217,4.1131
6290,3.9478,4.054
6300,4.0254,4.1245
6310,4.018,4.1239
6320,3.9553,4.061
6330,4.0218,4.122
6340,3.9748,4.0726
6350,4.0098,4.1127
6360,4.0939,4.1981
6370,4.052,4.1503
6380,3.9711,4.071
6390,3.9948,4.0946
6400,4.0337,4.1354
6410,4.0222,4.1262
6420,4.0119,4.1203
6430,4.0515,4.1543
6440,3.9655,4.0645
6450,3.8527,3.9559
6460,3.9385,4.0449
6470,3.9869,4.0887
6480,4.0185,4.1161
6490,3.9869,4.0856
6500,4.0436,4.1437
6510,4.0038,4.1055
6520,4.0036,4.1056
6530,3.9741,4.0729
6540,3.9622,4.0713
6550,3.9598,4.0577
6560,3.9458,4.0485
6570,4.0286,4.1329
6580,3.9721,4.0715
6590,3.9816,4.0792
6600,4.0142,4.1208
6610,3.9466,4.045
6620,3.9287,4.03
6630,3.9256,4.0351
6640,4.006,4.1
6650,3.9582,4.0584
6660,3.9377,4.0366
6670,4.0039,4.1055
6680,3.937,4.0381
6690,3.9415,4.041
6700,3.9829,4.0836
6710,3.9336,4.0366
6720,4.0531,4.1564
6730,4.0217,4.1265
6740,3.9321,4.0344
6750,4.0543,4.1586
6760,4.036,4.1352
6770,3.9206,4.0148
6780,3.9584,4.0646
6790,3.9336,4.0347
6800,3.8983,4.0002
6810,3.9857,4.0865
6820,3.973,4.0747
6830,3.8889,3.9926
6840,3.9255,4.0366
6850,3.9433,4.0456
6860,3.9629,4.0662
6870,4.0193,4.1177
6880,3.8893,3.9969
6890,3.9282,4.0287
6900,3.9276,4.03
6910,4.0022,4.1042
6920,3.8834,3.9821
6930,3.98,4.0782
6940,4.0155,4.1186
6950,3.9162,4.0128
6960,3.9731,4.0793
6970,4.055,4.1509
6980,3.9441,4.047
6990,3.8725,3.9715
7000,3.9031,3.9991
7010,3.9625,4.0693
7020,3.9117,4.0067
7030,3.9223,4.0217
7040,3.9074,4.0106
7050,3.998,4.0919
7060,3.8933,3.9953
7070,3.9788,4.0775
7080,3.9657,4.0706
7090,4.0246,4.1225
7100,3.9175,4.0171
7110,3.8395,3.9394
7120,3.8962,4.0
7130,4.032,4.1374
7140,3.9445,4.0449
7150,3.8923,3.9926
7160,3.8431,3.9416
7170,3.9735,4.0734
7180,3.9381,4.0334
7190,3.9292,4.0309
7200,3.9205,4.0229
7210,3.8989,4.0041
7220,3.9359,4.0429
7230,3.9126,4.0169
7240,3.979,4.0772
7250,3.9295,4.0291
7260,3.9153,4.0201
7270,3.9168,4.0139
7280,3.9378,4.0422
7290,3.911,4.0165
7300,3.9318,4.0368
7310,3.9744,4.0812
7320,3.9567,4.0545
7330,3.9561,4.056
7340,3.8721,3.9775
7350,3.9835,4.0854
7360,3.9087,4.0109
7370,3.914,4.015
7380,3.9797,4.0763
7390,3.9281,4.0273
7400,3.9417,4.0444
7410,3.8921,3.9924
7420,3.8786,3.9791
7430,3.9184,4.024
7440,3.8846,3.9816
7450,3.8417,3.9425
7460,3.9058,4.0093
7470,3.8693,3.9674
7480,3.9323,4.028
7490,3.9008,4.0018
7500,3.951,4.0489
7510,3.8849,3.9789
7520,3.9441,4.0461
7530,3.8832,3.9791
7540,3.9133,4.0139
7550,3.9283,4.0246
7560,3.822,3.9223
7570,3.8788,3.98
7580,3.9302,4.0324
7590,3.8985,4.0034
7600,3.9233,4.0229
7610,3.8881,3.9879
7620,3.8179,3.9158
7630,3.9779,4.0746
7640,3.8883,3.9879
7650,3.8637,3.9615
7660,3.8784,3.9747
7670,3.9354,4.0303
7680,3.9368,4.0384
7690,3.9675,4.0664
7700,3.9265,4.0229
7710,3.8962,3.9921
7720,3.9019,3.9989
7730,3.8282,3.9239
7740,3.8997,4.0025
7750,3.7854,3.8832
7760,3.9773,4.0799
7770,3.8783,3.9756
7780,3.8249,3.9276
7790,3.8233,3.9215
7800,3.9098,4.0066
7810,3.9218,4.0217
7820,3.8627,3.9646
7830,3.8633,3.9551
7840,3.8874,3.9862
7850,3.8562,3.9613
7860,3.9387,4.0402
7870,3.8623,3.9643
7880,3.8483,3.9473
7890,3.9422,4.0435
7900,3.896,3.9993
7910,3.8702,3.9729
7920,3.9365,4.0379
7930,3.907,4.008
7940,3.945,4.0491
7950,3.8309,3.9263
7960,3.8673,3.9687
7970,3.8627,3.9611
7980,3.8657,3.9662
7990,3.8858,3.9877
8000,3.8359,3.9391
8010,3.8183,3.9182
8020,3.9222,4.0178
8030,3.8485,3.9499
8040,3.9104,4.0131
8050,3.861,3.9543
8060,3.8528,3.9536
8070,3.7874,3.8843
8080,3.8953,3.9957
8090,3.8961,3.996
8100,3.9042,4.0034
8110,3.8737,3.9723
8120,3.9075,4.0002
8130,3.8351,3.93
8140,3.8572,3.9547
8150,3.8747,3.9753
8160,3.8628,3.9631
8170,3.8548,3.9549
8180,3.9184,4.0187
8190,3.8525,3.9535
8200,3.8129,3.9155
8210,3.8462,3.9413
8220,3.8714,3.974
8230,3.8339,3.9369
8240,3.885,3.9768
8250,3.8386,3.9386
8260,3.8879,3.9846
8270,3.8327,3.9286
8280,3.8593,3.9583
8290,3.9,3.9964
8300,3.8409,3.9374
8310,3.873,3.9684
8320,3.8411,3.9368
8330,3.8715,3.9719
8340,3.7983,3.902
8350,3.8858,3.9824
8360,3.8466,3.946
8370,3.8148,3.9117
8380,3.8579,3.9572
8390,3.8592,3.954
8400,3.8628,3.9624
8410,3.8936,3.9925
8420,3.8478,3.9414
8430,3.809,3.9046
8440,3.8666,3.966
8450,3.8521,3.9483
8460,3.7766,3.8722
8470,3.9274,4.0298
8480,3.8208,3.9145
8490,3.9092,4.0101
8500,3.9142,4.0095
8510,3.8642,3.9601
8520,3.8091,3.9039
8530,3.7227,3.8286
8540,3.9015,3.9994
8550,3.8692,3.9678
8560,3.7643,3.8542
8570,3.8264,3.9197
8580,3.8202,3.9176
8590,3.8632,3.961
8600,3.8342,3.9327
8610,3.8826,3.9777
8620,3.8201,3.9203
8630,3.8248,3.9168
8640,3.8263,3.9283
8650,3.865,3.9674
8660,3.8545,3.9488
8670,3.8117,3.9101
8680,3.9341,4.0289
8690,3.8463,3.9448
8700,3.8028,3.9004
8710,3.8619,3.96
8720,3.8047,3.9019
8730,3.8013,3.9006
8740,3.8298,3.9314
8750,3.7853,3.8806
8760,3.9318,4.0289
8770,3.8375,3.9431
8780,3.8785,3.9742
8790,3.8499,3.9459
8800,3.8889,3.985
8810,3.7934,3.8956
8820,3.7684,3.8629
8830,3.8024,3.9032
8840,3.9092,4.0062
8850,3.8515,3.9499
8860,3.8385,3.9337
8870,3.9182,4.0169
8880,3.7659,3.869
8890,3.7753,3.8717
8900,3.8095,3.9105
8910,3.8188,3.921
8920,3.9011,4.006
8930,3.8281,3.9279
8940,3.8383,3.9399
8950,3.7875,3.8802
8960,3.7702,3.8633
8970,3.8954,3.9948
8980,3.8405,3.9365
8990,3.7117,3.8144
9000,3.7872,3.88
9010,3.7628,3.863
9020,3.8116,3.9066
9030,3.733,3.8239
9040,3.7202,3.825
9050,3.796,3.8919
9060,3.7961,3.8887
9070,3.6765,3.7746
9080,3.7815,3.8785
9090,3.8377,3.9297
9100,3.8149,3.9145
9110,3.7416,3.8461
9120,3.7838,3.882
9130,3.7905,3.8878
9140,3.7741,3.8756
9150,3.7814,3.8791
9160,3.8406,3.9389
9170,3.8204,3.9165
9180,3.8259,3.9201
9190,3.7861,3.8859
9200,3.8154,3.9157
9210,3.8386,3.9359
9220,3.7641,3.8602
9230,3.7973,3.8974
9240,3.802,3.8992
9250,3.7423,3.8363
9260,3.8377,3.9312
9270,3.7902,3.8894
9280,3.7935,3.8883
9290,3.7438,3.8417
9300,3.7926,3.8929
9310,3.799,3.8977
9320,3.7345,3.825
9330,3.767,3.8677
9340,3.7394,3.8339
9350,3.7993,3.8901
9360,3.8486,3.9399
9370,3.8464,3.9422
9380,3.8257,3.9237
9390,3.8197,3.92
9400,3.794,3.8851
9410,3.8376,3.93
9420,3.8254,3.9152
9430,3.817,3.9208
9440,3.8263,3.9198
9450,3.8264,3.9229
9460,3.8327,3.9323
9470,3.7822,3.8788
9480,3.8263,3.9258
9490,3.8639,3.9582
9500,3.7736,3.8664
9510,3.8182,3.9173
9520,3.8092,3.9068
9530,3.711,3.807
9540,3.8206,3.9153
9550,3.7924,3.8917
9560,3.774,3.8731
9570,3.8324,3.9309
9580,3.8133,3.914
9590,3.8277,3.9232
9600,3.7856,3.8814
9610,3.7651,3.8605
9620,3.7904,3.8851
9630,3.8067,3.8988
9640,3.7181,3.8176
9650,3.7514,3.8456
9660,3.8176,3.9184
9670,3.7742,3.8714
9680,3.7016,3.798
9690,3.7039,3.8015
9700,3.7957,3.8888
9710,3.8715,3.9678
9720,3.8403,3.9389
9730,3.7115,3.8107
9740,3.7983,3.8973
9750,3.8102,3.9099
9760,3.8161,3.9127
9770,3.7526,3.8565
9780,3.8034,3.9016
9790,3.742,3.8423
9800,3.8123,3.912
9810,3.7432,3.8386
9820,3.7999,3.896
9830,3.7969,3.8963
9840,3.7355,3.8367
9850,3.7153,3.8139
9860,3.8226,3.9226
9870,3.7113,3.8085
9880,3.7286,3.8264
9890,3.7428,3.8436
9900,3.7521,3.8564
9910,3.7647,3.8552
9920,3.731,3.8289
9930,3.8883,3.991
9940,3.7265,3.8232
9950,3.8171,3.9195
9960,3.7875,3.8832
9970,3.7357,3.8352
9980,3.7548,3.8518
9990,3.7433,3.8448
10000,3.7728,3.864
10010,3.6807,3.7724
10020,3.7764,3.8746
10030,3.6984,3.797
10040,3.8092,3.9049
10050,3.7274,3.8244
10060,3.734,3.8408
10070,3.727,3.8231
10080,3.7114,3.8072
10090,3.7525,3.8556
10100,3.7569,3.851
10110,3.7567,3.8558
10120,3.8228,3.9179
10130,3.7543,3.8532
10140,3.7808,3.8823
10150,3.741,3.8394
10160,3.7321,3.8263
10170,3.8183,3.9119
10180,3.7147,3.8139
10190,3.7167,3.8132
10200,3.813,3.9091
10210,3.7654,3.8592
10220,3.7494,3.8483
10230,3.769,3.8706
10240,3.7371,3.8296
10250,3.8573,3.9571
10260,3.7111,3.812
10270,3.7987,3.8884
10280,3.6721,3.7685
10290,3.6869,3.7786
10300,3.8067,3.902
10310,3.7185,3.813
10320,3.6337,3.7342
10330,3.6896,3.7898
10340,3.7681,3.8624
10350,3.7615,3.8539
10360,3.7866,3.8824
10370,3.8716,3.9668
10380,3.8304,3.9281
10390,3.755,3.8513
10400,3.7554,3.8585
10410,3.7033,3.7954
10420,3.8057,3.8973
10430,3.7539,3.8534
10440,3.7827,3.8809
10450,3.802,3.9038
10460,3.7121,3.8074
10470,3.7634,3.8651
10480,3.7458,3.8397
10490,3.7644,3.8661
10500,3.7149,3.8138
10510,3.7811,3.8772
10520,3.6899,3.7887
10530,3.7152,3.8112
10540,3.758,3.8531
10550,3.8281,3.9234
10560,3.7363,3.8296
10570,3.7781,3.8776
10580,3.7026,3.8018
10590,3.7666,3.8643
10600,3.7412,3.8455
10610,3.7358,3.8355
10620,3.6617,3.7613
10630,3.7744,3.8655
10640,3.6255,3.7221
10650,3.7422,3.8433
10660,3.7555,3.848
10670,3.7404,3.8429
10680,3.7589,3.8519
10690,3.7918,3.884
10700,3.7321,3.8353
10710,3.712,3.8054
10720,3.679,3.7767
10730,3.6397,3.7399
10740,3.8228,3.9187
10750,3.7247,3.8236
10760,3.8553,3.9507
10770,3.6957,3.7964
10780,3.6776,3.7707
10790,3.6288,3.7235
10800,3.6885,3.7875
10810,3.7221,3.82
10820,3.754,3.8506
10830,3.7578,3.8544
10840,3.8096,3.9079
10850,3.654,3.7462
10860,3.7155,3.8097
10870,3.7389,3.838
10880,3.7302,3.8338
10890,3.6331,3.7346
10900,3.7576,3.8531
10910,3.8016,3.8954
10920,3.8041,3.9034
10930,3.724,3.8194
10940,3.7013,3.7944
10950,3.7385,3.8358
10960,3.7223,3.817
10970,3.7916,3.8838
10980,3.6952,3.7839
10990,3.694,3.7941
11000,3.6869,3.7773
11010,3.7141,3.8068
11020,3.7467,3.84
11030,3.7428,3.8429
11040,3.7536,3.8536
11050,3.6662,3.7641
11060,3.7552,3.8507
11070,3.8084,3.906
11080,3.6937,3.7921
11090,3.6983,3.7974
11100,3.7087,3.8045
11110,3.7804,3.8795
11120,3.7117,3.8059
11130,3.6877,3.7842
11140,3.6507,3.7502
11150,3.7643,3.861
11160,3.7269,3.8208
11170,3.6965,3.7921
11180,3.7146,3.8053
11190,3.8049,3.9026
11200,3.7539,3.8465
11210,3.6773,3.7709
11220,3.7105,3.8036
11230,3.7423,3.8383
11240,3.6492,3.7498
11250,3.6757,3.7695
11260,3.66,3.7577
11270,3.7455,3.8436
11280,3.6846,3.7834
11290,3.7109,3.8085
11300,3.7666,3.8574
11310,3.6505,3.7444
11320,3.8073,3.9113
11330,3.6978,3.7882
11340,3.6541,3.7522
11350,3.6606,3.7524
11360,3.7916,3.8926
11370,3.7027,3.804
11380,3.7668,3.8624
11390,3.6185,3.7155
11400,3.7748,3.8811
11410,3.6944,3.7932
11420,3.7346,3.8357
11430,3.7469,3.8413
11440,3.6451,3.7393
11450,3.726,3.8214
11460,3.7312,3.8208
11470,3.6755,3.7705
11480,3.6827,3.781
11490,3.6855,3.78
11500,3.781,3.875
11510,3.6927,3.7914
11520,3.629,3.7253
11530,3.7158,3.8147
11540,3.6851,3.7876
11550,3.6674,3.7621
11560,3.6334,3.7309
11570,3.6567,3.7552
11580,3.6687,3.7633
11590,3.7666,3.8615
11600,3.6599,3.7603
11610,3.7398,3.8404
11620,3.6768,3.7732
11630,3.5755,3.6705
11640,3.7551,3.8525
11650,3.5829,3.6767
11660,3.7715,3.8673
11670,3.5974,3.697
11680,3.7144,3.8081
11690,3.668,3.7677
11700,3.633,3.735
11710,3.7109,3.81
11720,3.7976,3.8886
11730,3.7746,3.8728
11740,3.6945,3.7953
11750,3.7178,3.81
11760,3.6644,3.7692
11770,3.7254,3.8194
11780,3.8013,3.8956
11790,3.6305,3.7352
11800,3.7437,3.8386
11810,3.8024,3.9014
11820,3.7176,3.8099
11830,3.6925,3.7942
11840,3.6769,3.772
11850,3.6865,3.7787
11860,3.6515,3.7468
11870,3.7165,3.8099
11880,3.7231,3.8136
11890,3.718,3.8151
11900,3.6724,3.771
11910,3.6946,3.7891
11920,3.7942,3.8905
11930,3.6398,3.7432
11940,3.6965,3.7895
11950,3.653,3.7454
11960,3.7449,3.8441
11970,3.7245,3.8173
11980,3.6855,3.784
11990,3.688,3.7803
12000,3.6774,3.7694
12010,3.7237,3.8209
12020,3.7718,3.8753
12030,3.6604,3.7566
12040,3.6834,3.7787
12050,3.7049,3.8083
12060,3.7607,3.8594
12070,3.7101,3.8073
12080,3.6781,3.7621
12090,3.7183,3.8134
12100,3.7595,3.8543
12110,3.6941,3.7846
12120,3.667,3.7625
12130,3.7236,3.8187
12140,3.632,3.7251
12150,3.6964,3.7927
12160,3.6135,3.7112
12170,3.6653,3.7593
12180,3.708,3.8025
12190,3.6556,3.7485
12200,3.7266,3.817
12210,3.708,3.7998
12220,3.6546,3.7601
12230,3.6816,3.7746
12240,3.6081,3.7065
12250,3.7209,3.8238
12260,3.638,3.732
12270,3.6328,3.7281
12280,3.6591,3.7488
12290,3.7375,3.8306
12300,3.7307,3.8208
12310,3.6773,3.7744
12320,3.665,3.7599
12330,3.6442,3.7359
12340,3.7294,3.8215
12350,3.5957,3.6959
12360,3.7178,3.8065
12370,3.7276,3.8201
12380,3.7101,3.8062
12390,3.6265,3.7176
12400,3.6332,3.7288
12410,3.6893,3.7906
12420,3.6109,3.7075
12430,3.6782,3.769
12440,3.6543,3.7507
12450,3.6599,3.7553
12460,3.6906,3.7843
12470,3.6907,3.7922
12480,3.6392,3.7333
12490,3.7133,3.8054
12500,3.6698,3.7584
12510,3.6518,3.7491
12520,3.6267,3.7249
12530,3.6731,3.7729
12540,3.6399,3.7319
12550,3.6389,3.7392
12560,3.6351,3.7269
12570,3.6868,3.7815
12580,3.6499,3.7503
12590,3.5938,3.6907
12600,3.5942,3.6904
12610,3.6308,3.7273
12620,3.6689,3.7671
12630,3.73,3.8232
12640,3.7008,3.7953
12650,3.688,3.7799
12660,3.6494,3.7454
12670,3.6576,3.7515
12680,3.7318,3.8297
12690,3.664,3.7593
12700,3.7095,3.8054
12710,3.6802,3.7762
12720,3.5704,3.6697
12730,3.7009,3.7986
12740,3.6435,3.7565
12750,3.6686,3.7667
12760,3.6732,3.769
12770,3.7054,3.8
12780,3.5956,3.6908
12790,3.6355,3.7356
12800,3.6529,3.7421
12810,3.6687,3.7708
12820,3.6948,3.7955
12830,3.6361,3.7274
12840,3.7336,3.8313
12850,3.6779,3.7783
12860,3.6721,3.7685
12870,3.6848,3.7787
12880,3.6119,3.7066
12890,3.7069,3.7996
12900,3.6578,3.7565
12910,3.6025,3.6962
12920,3.6499,3.7455
12930,3.6517,3.7464
12940,3.6673,3.7597
12950,3.67,3.768
12960,3.6764,3.7756
12970,3.7164,3.8115
12980,3.6503,3.7454
12990,3.6097,3.6997
13000,3.7102,3.8096
13010,3.6348,3.7293
13020,3.6096,3.7103
13030,3.6949,3.7956
13040,3.6974,3.7973
13050,3.6429,3.7329
13060,3.6411,3.7373
13070,3.6941,3.7857
13080,3.6558,3.7627
13090,3.6562,3.7494
13100,3.6909,3.7864
13110,3.6435,3.7456
13120,3.6791,3.7752
13130,3.7198,3.8165
13140,3.5899,3.6829
13150,3.6583,3.7559
13160,3.6157,3.7124
13170,3.705,3.8019
13180,3.6859,3.7847
13190,3.7241,3.8213
13200,3.6589,3.7547
13210,3.6457,3.7441
13220,3.638,3.7277
13230,3.7024,3.7986
13240,3.6887,3.784
13250,3.6201,3.7151
13260,3.6793,3.7781
13270,3.6865,3.7813
13280,3.6908,3.7834
13290,3.679,3.776
13300,3.5752,3.669
13310,3.6798,3.7738
13320,3.6276,3.7236
13330,3.652,3.7493
13340,3.6812,3.7742
13350,3.664,3.76
13360,3.6481,3.7446
13370,3.6268,3.7249
13380,3.6455,3.7468
13390,3.6979,3.7984
13400,3.6601,3.7544
13410,3.7089,3.8108
13420,3.6815,3.781
13430,3.6668,3.7669
13440,3.7171,3.8092
13450,3.7007,3.7922
13460,3.6848,3.7819
13470,3.6881,3.7831
13480,3.7615,3.8597
13490,3.5936,3.6924
13500,3.636,3.7323
13510,3.6751,3.7708
13520,3.7044,3.797
13530,3.6567,3.7475
13540,3.6462,3.741
13550,3.6852,3.7853
13560,3.6367,3.7339
13570,3.6635,3.7666
13580,3.639,3.744
13590,3.6371,3.7339
13600,3.6241,3.7227
13610,3.6234,3.718
13620,3.5951,3.7014
13630,3.6964,3.7929
13640,3.7022,3.7996
13650,3.7349,3.8313
13660,3.642,3.7413
13670,3.6715,3.7657
13680,3.6538,3.7505
13690,3.5722,3.6717
13700,3.6428,3.7431
13710,3.6604,3.7559
13720,3.6277,3.7231
13730,3.685,3.7818
13740,3.6374,3.7353
13750,3.618,3.7183
13760,3.6688,3.7662
13770,3.657,3.7533
13780,3.62,3.7128
13790,3.604,3.7014
13800,3.6799,3.7764
13810,3.69,3.7863
13820,3.7058,3.806
13830,3.5788,3.6704
13840,3.5966,3.6916
13850,3.6005,3.6987
13860,3.5893,3.6832
13870,3.6222,3.7227
13880,3.6758,3.7674
13890,3.6239,3.7194
13900,3.6048,3.701
13910,3.6428,3.7496
13920,3.6609,3.7514
13930,3.5964,3.6975
13940,3.6918,3.7794
13950,3.6216,3.7137
13960,3.6695,3.7681
13970,3.6589,3.7572
13980,3.717,3.8099
13990,3.6262,3.7237
14000,3.6219,3.7237
14010,3.5969,3.6988
14020,3.6425,3.7364
14030,3.6019,3.6946
14040,3.5991,3.6924
14050,3.6005,3.6945
14060,3.6895,3.7851
14070,3.6601,3.7531
14080,3.6135,3.709
14090,3.684,3.7778
14100,3.6176,3.7126
14110,3.6401,3.7365
14120,3.5731,3.671
14130,3.6053,3.7034
14140,3.6848,3.7829
14150,3.677,3.777
14160,3.6308,3.7281
14170,3.6515,3.7497
14180,3.5842,3.6824
14190,3.6333,3.7316
14200,3.6063,3.7075
14210,3.6883,3.7841
14220,3.6242,3.7198
14230,3.6154,3.7167
14240,3.6776,3.7736
14250,3.6783,3.7713
14260,3.6489,3.7465
14270,3.6265,3.7179
14280,3.6252,3.729
14290,3.6355,3.7368
14300,3.6482,3.7425
14310,3.5258,3.6232
14320,3.5957,3.7025
14330,3.6554,3.7557
14340,3.664,3.7591
14350,3.6045,3.7045
14360,3.6152,3.7106
14370,3.616,3.7083
14380,3.6722,3.7689
14390,3.6678,3.7689
14400,3.63,3.7221
14410,3.6542,3.7492
14420,3.6143,3.7067
14430,3.7229,3.8201
14440,3.6012,3.6947
14450,3.6587,3.7541
14460,3.6374,3.7382
14470,3.67,3.7669
14480,3.622,3.7195
14490,3.6792,3.7733
14500,3.6493,3.7441
14510,3.6144,3.7114
14520,3.5834,3.677
14530,3.6438,3.7424
14540,3.6684,3.761
14550,3.6801,3.7731
14560,3.6298,3.7274
14570,3.6514,3.7496
14580,3.6425,3.7382
14590,3.6617,3.7584
14600,3.6937,3.7926
14610,3.6264,3.7217
14620,3.7591,3.8557
14630,3.6052,3.7051
14640,3.6348,3.7349
14650,3.6469,3.7401
14660,3.5702,3.6678
14670,3.6581,3.7516
14680,3.5782,3.6764
14690,3.6521,3.7463
14700,3.6455,3.7387
14710,3.5504,3.6457
14720,3.5633,3.6613
14730,3.6261,3.7287
14740,3.6154,3.7065
14750,3.653,3.7485
14760,3.5563,3.6515
14770,3.7201,3.8197
14780,3.5648,3.6539
14790,3.5965,3.6916
14800,3.6423,3.737
14810,3.656,3.7513
14820,3.6164,3.7112
14830,3.6019,3.6938
14840,3.6474,3.7463
14850,3.6412,3.745
14860,3.6891,3.7845
14870,3.6122,3.7075
14880,3.7458,3.8405
14890,3.6533,3.7465
14900,3.6172,3.7197
14910,3.6331,3.7339
14920,3.5535,3.6549
14930,3.6591,3.7581
14940,3.6278,3.727
14950,3.6154,3.7265
14960,3.6008,3.6972
14970,3.6038,3.7003
14980,3.611,3.7033
14990,3.5758,3.6667
15000,3.6278,3.7258
15010,3.5724,3.669
15020,3.4966,3.5878
15030,3.6062,3.6996
15040,3.6263,3.7194
15050,3.5613,3.659
15060,3.5885,3.6865
15070,3.6824,3.7751
15080,3.5977,3.6927
15090,3.6108,3.7066
15100,3.6067,3.7125
15110,3.6052,3.7063
15120,3.6303,3.7283
15130,3.6681,3.7733
15140,3.5683,3.6663
15150,3.5491,3.642
15160,3.6216,3.7213
15170,3.6091,3.7067
15180,3.583,3.6807
15190,3.6215,3.7153
15200,3.585,3.6774
15210,3.6427,3.7449
15220,3.6177,3.7215
15230,3.6012,3.7019
15240,3.6761,3.7791
15250,3.5365,3.6319
15260,3.6429,3.738
15270,3.6093,3.7053
15280,3.6292,3.7172
15290,3.5645,3.6597
15300,3.5918,3.6906
15310,3.6374,3.7321
15320,3.6444,3.7515
15330,3.6685,3.7709
15340,3.5927,3.6878
15350,3.6503,3.7392
15360,3.6783,3.7663
15370,3.6052,3.7081
15380,3.6285,3.7249
15390,3.6528,3.7513
15400,3.4861,3.59
15410,3.5847,3.6771
15420,3.6076,3.7104
15430,3.5738,3.6693
15440,3.5868,3.6851
15450,3.6101,3.7086
15460,3.5798,3.6718
15470,3.5782,3.6681
15480,3.63,3.7254
15490,3.5592,3.6528
15500,3.5684,3.6661
15510,3.6194,3.7155
15520,3.5976,3.6952
15530,3.5259,3.6187
15540,3.6776,3.7725
15550,3.6878,3.7838
15560,3.5762,3.6677
15570,3.628,3.7214
15580,3.6748,3.7678
15590,3.5753,3.6731
15600,3.5677,3.673
15610,3.6592,3.7575
15620,3.5259,3.6258
15630,3.5721,3.6676
15640,3.5668,3.6655
15650,3.6577,3.7549
15660,3.628,3.7179
15670,3.5261,3.6235
15680,3.5169,3.6103
15690,3.5639,3.6655
15700,3.6692,3.7703
15710,3.5978,3.6932
15720,3.6251,3.7253
15730,3.5809,3.6845
15740,3.5414,3.6425
15750,3.6276,3.7255
15760,3.5754,3.6662
15770,3.5616,3.661
15780,3.6577,3.7587
15790,3.5954,3.691
15800,3.5521,3.6469
15810,3.554,3.6502
15820,3.5623,3.6649
15830,3.5581,3.6562
15840,3.5075,3.6037
15850,3.5484,3.6438
15860,3.645,3.7444
15870,3.5514,3.6445
15880,3.6886,3.7885
15890,3.5962,3.6895
15900,3.5595,3.6526
15910,3.6236,3.7229
15920,3.5933,3.69
15930,3.6323,3.7266
15940,3.5835,3.6811
15950,3.6293,3.7251
15960,3.5819,3.684
15970,3.6287,3.7219
15980,3.5446,3.6361
15990,3.6005,3.6971
16000,3.6851,3.7939
16010,3.6193,3.7183
16020,3.5669,3.6637
16030,3.5845,3.6762
16040,3.6452,3.7398
16050,3.6028,3.6956
16060,3.565,3.6577
16070,3.5147,3.6091
16080,3.646,3.7448
16090,3.6907,3.7899
16100,3.6055,3.6965
16110,3.5432,3.6357
16120,3.5039,3.6041
16130,3.62,3.7143
16140,3.5373,3.6327
16150,3.5167,3.612
16160,3.6354,3.7316
16170,3.5279,3.6258
16180,3.6271,3.7213
16190,3.6188,3.7118
16200,3.6054,3.6983
16210,3.524,3.6211
16220,3.6091,3.7056
16230,3.5652,3.6652
16240,3.6269,3.7264
16250,3.6442,3.7393
16260,3.5719,3.6699
16270,3.5637,3.6561
16280,3.5566,3.6553
16290,3.5502,3.6492
16300,3.5899,3.6921
16310,3.5602,3.6541
16320,3.6666,3.7582
16330,3.5499,3.649
16340,3.59,3.6884
16350,3.6103,3.7066
16360,3.5674,3.6611
16370,3.6523,3.7547
16380,3.5491,3.6465
16390,3.5475,3.6426
16400,3.5675,3.6666
16410,3.5968,3.6933
16420,3.6114,3.7057
16430,3.6285,3.7211
16440,3.4918,3.5872
16450,3.489,3.5876
16460,3.5626,3.6558
16470,3.56,3.6601
16480,3.6021,3.6974
16490,3.5109,3.6104
16500,3.5414,3.6402
16510,3.6317,3.7264
16520,3.5556,3.6461
16530,3.5787,3.6818
16540,3.6133,3.707
16550,3.5691,3.6653
16560,3.5607,3.6573
16570,3.6219,3.7224
16580,3.5517,3.6423
16590,3.5574,3.6555
16600,3.5078,3.6077
16610,3.6642,3.7618
16620,3.5672,3.6583
16630,3.5241,3.6242
16640,3.5569,3.6573
16650,3.5316,3.6228
16660,3.5847,3.6818
16670,3.6008,3.6964
16680,3.5257,3.622
16690,3.5576,3.6571
16700,3.6151,3.7116
16710,3.5099,3.6091
16720,3.5762,3.6726
16730,3.5643,3.6653
16740,3.6438,3.7469
16750,3.5287,3.6357
16760,3.5914,3.6865
16770,3.5673,3.6619
16780,3.5849,3.6794
16790,3.6193,3.7167
16800,3.6194,3.7141
16810,3.5623,3.6577
16820,3.5242,3.6183
16830,3.5962,3.6931
16840,3.5987,3.6995
16850,3.6198,3.7206
16860,3.59,3.6883
16870,3.5656,3.6608
16880,3.5938,3.6942
16890,3.559,3.6561
16900,3.562,3.6586
16910,3.6193,3.7178
16920,3.5895,3.6875
16930,3.5767,3.6761
16940,3.5371,3.6379
16950,3.5752,3.6777
16960,3.5312,3.6223
16970,3.5901,3.6868
16980,3.5144,3.6102
16990,3.5662,3.664
17000,3.5602,3.6581
17010,3.5802,3.6805
17020,3.59,3.6807
17030,3.5835,3.6804
17040,3.5631,3.6625
17050,3.5719,3.6693
17060,3.5934,3.6912
17070,3.5064,3.6086
17080,3.632,3.7236
17090,3.5652,3.6652
17100,3.5228,3.6164
17110,3.5896,3.6856
17120,3.583,3.6828
17130,3.5694,3.669
17140,3.6522,3.7455
17150,3.4511,3.5498
17160,3.4779,3.5787
17170,3.5544,3.6494
17180,3.5493,3.6447
17190,3.5474,3.6459
17200,3.5126,3.6116
17210,3.5339,3.6267
17220,3.561,3.6606
17230,3.6047,3.7038
17240,3.4332,3.5257
17250,3.6665,3.7616
17260,3.5488,3.6478
17270,3.5886,3.6861
17280,3.553,3.6506
17290,3.5427,3.6418
17300,3.5817,3.6773
17310,3.5753,3.6743
17320,3.4814,3.5853
17330,3.622,3.726
17340,3.5282,3.6258
17350,3.5363,3.638
17360,3.5575,3.6579
17370,3.5259,3.6241
17380,3.5471,3.6435
17390,3.5077,3.5998
17400,3.6289,3.7279
17410,3.656,3.7519
17420,3.5884,3.6813
17430,3.6109,3.7037
17440,3.5794,3.673
17450,3.5306,3.6321
17460,3.5337,3.6367
17470,3.5283,3.6214
17480,3.5729,3.67
17490,3.5316,3.6282
17500,3.5319,3.6246
17510,3.5007,3.602
17520,3.5385,3.628
17530,3.491,3.5851
17540,3.5747,3.6677
17550,3.5153,3.6094
17560,3.5742,3.6735
17570,3.6072,3.7055
17580,3.5432,3.6401
17590,3.5188,3.6205
17600,3.4471,3.54
17610,3.5382,3.6335
17620,3.5745,3.6722
17630,3.5612,3.6622
17640,3.5404,3.6326
17650,3.6092,3.7024
17660,3.5811,3.6802
17670,3.5494,3.6459
17680,3.6306,3.725
17690,3.5332,3.6298
17700,3.5887,3.6956
17710,3.6092,3.7051
17720,3.5066,3.6006
17730,3.5323,3.6367
17740,3.538,3.6293
17750,3.4771,3.572
17760,3.5524,3.6513
17770,3.5804,3.6771
17780,3.5715,3.661
17790,3.5674,3.6636
17800,3.5172,3.613
17810,3.6486,3.7434
17820,3.5907,3.6925
17830,3.444,3.5372
17840,3.5294,3.6239
17850,3.5332,3.6233
17860,3.6173,3.7123
17870,3.5537,3.6587
17880,3.6095,3.7063
17890,3.5811,3.6774
17900,3.4976,3.5987
17910,3.6305,3.727
17920,3.6225,3.7182
17930,3.5969,3.6938
17940,3.5966,3.691
17950,3.5841,3.6806
17960,3.5041,3.602
17970,3.6062,3.7075
17980,3.5271,3.6286
17990,3.5402,3.6318
18000,3.5221,3.6196
18010,3.4885,3.5874
18020,3.5257,3.6217
18030,3.5326,3.6325
18040,3.5396,3.6332
18050,3.5806,3.6778
18060,3.5068,3.6059
18070,3.6284,3.7269
18080,3.5336,3.6293
18090,3.5524,3.649
18100,3.5187,3.6118
18110,3.5799,3.6758
18120,3.5065,3.6053
18130,3.6066,3.7023
18140,3.4308,3.5312
18150,3.518,3.6192
18160,3.5047,3.6095
18170,3.5371,3.6329
18180,3.5717,3.6779
18190,3.5449,3.64
18200,3.5638,3.6629
18210,3.5753,3.6798
18220,3.555,3.6438
18230,3.4604,3.5568
18240,3.5514,3.6486
18250,3.4669,3.5566
18260,3.527,3.6272
18270,3.5499,3.6473
18280,3.544,3.6444
18290,3.5544,3.6517
18300,3.6792,3.7739
18310,3.5505,3.6451
18320,3.5721,3.6739
18330,3.6083,3.7048
18340,3.517,3.6219
18350,3.5223,3.622
18360,3.57,3.6697
18370,3.5274,3.6274
18380,3.5586,3.6642
18390,3.6017,3.7018
18400,3.6015,3.7041
18410,3.5025,3.596
18420,3.5278,3.6243
18430,3.5314,3.6272
18440,3.5999,3.6985
18450,3.5295,3.6232
18460,3.5429,3.6375
18470,3.5035,3.6115
18480,3.4842,3.5886
18490,3.4915,3.5932
18500,3.512,3.6083
18510,3.507,3.6074
18520,3.4215,3.5159
18530,3.5212,3.6138
18540,3.4466,3.5528
18550,3.5199,3.6156
18560,3.567,3.6657
18570,3.5892,3.6841
18580,3.5617,3.673
18590,3.5187,3.623
18600,3.5475,3.6424
18610,3.6322,3.7333
18620,3.5236,3.6221
18630,3.5175,3.619
18640,3.5424,3.6312
18650,3.5486,3.6466
18660,3.5313,3.6286
18670,3.5289,3.6243
18680,3.6279,3.7344
18690,3.5351,3.6306
18700,3.5877,3.6849
18710,3.5442,3.6437
18720,3.559,3.6548
18730,3.5243,3.6139
18740,3.5713,3.6689
18750,3.4846,3.5929
18760,3.5848,3.6834
18770,3.6331,3.7325
18780,3.528,3.6287
18790,3.4997,3.5998
18800,3.5484,3.6501
18810,3.5275,3.6173
18820,3.5524,3.6541
18830,3.6589,3.7542
18840,3.5079,3.5959
18850,3.5005,3.6033
18860,3.5226,3.621
18870,3.5695,3.6686
18880,3.4626,3.5581
18890,3.4795,3.5823
18900,3.5806,3.6778
18910,3.5546,3.6493
18920,3.47,3.5694
18930,3.5882,3.6872
18940,3.577,3.6689
18950,3.5577,3.6478
18960,3.5299,3.6264
18970,3.5747,3.6734
18980,3.533,3.6318
18990,3.4987,3.594
19000,3.5203,3.6112
19010,3.6197,3.7203
19020,3.5469,3.639
19030,3.5139,3.6133
19040,3.5623,3.659
19050,3.4862,3.5781
19060,3.4915,3.5885
19070,3.4826,3.5824
19080,3.5454,3.6426
19090,3.4745,3.5727
19100,3.5211,3.6183
19110,3.603,3.6953
19120,3.4084,3.5018
19130,3.5282,3.63
19140,3.4769,3.5736
19150,3.4846,3.5805
19160,3.5335,3.6348
19170,3.4986,3.5925
19180,3.5078,3.6089
19190,3.5285,3.6207
19200,3.5464,3.6488
19210,3.4939,3.5892
19220,3.547,3.6449
19230,3.4996,3.594
19240,3.4977,3.5961
19250,3.569,3.6625
19260,3.5013,3.5979
19270,3.5124,3.6078
19280,3.569,3.6662
19290,3.5172,3.6178
19300,3.4876,3.585
19310,3.4919,3.5939
19320,3.6413,3.7361
19330,3.6004,3.7009
19340,3.4353,3.5303
19350,3.5326,3.6321
19360,3.5161,3.6121
19370,3.5232,3.6222
19380,3.5507,3.6461
19390,3.5196,3.6159
19400,3.5333,3.6273
19410,3.5678,3.6647
19420,3.4954,3.595
19430,3.4875,3.5896
19440,3.5363,3.6373
19450,3.5945,3.6976
19460,3.4858,3.5878
19470,3.511,3.6071
19480,3.4754,3.5802
19490,3.6247,3.7232
19500,3.4575,3.5575
19510,3.5665,3.6601
19520,3.5336,3.6322
19530,3.5133,3.6094
19540,3.5221,3.6165
19550,3.5405,3.6361
19560,3.4743,3.5716
19570,3.581,3.6818
19580,3.578,3.6788
19590,3.5161,3.6134
19600,3.59,3.6888
19610,3.5195,3.6157
19620,3.5068,3.6032
19630,3.4973,3.5944
19640,3.4303,3.5323
19650,3.4778,3.5663
19660,3.517,3.6194
19670,3.5525,3.6502
19680,3.5674,3.6618
19690,3.4651,3.5582
19700,3.496,3.5982
19710,3.4997,3.6
19720,3.5589,3.6575
19730,3.4667,3.5678
19740,3.5343,3.6378
19750,3.5437,3.6471
19760,3.4481,3.5442
19770,3.5491,3.6468
19780,3.5126,3.6155
19790,3.4434,3.544
19800,3.4911,3.5915
19810,3.4529,3.5492
19820,3.423,3.5258
19830,3.5237,3.6252
19840,3.552,3.6521
19850,3.4524,3.5553
19860,3.5183,3.6234
19870,3.5234,3.6229
19880,3.5793,3.6742
19890,3.4951,3.5906
19900,3.4077,3.5004
19910,3.5448,3.6408
19920,3.4801,3.5729
19930,3.5769,3.6734
19940,3.5073,3.6002
19950,3.4407,3.535
19960,3.5387,3.6464
19970,3.6043,3.7021
19980,3.4403,3.536
19990,3.5144,3.6162
20000,3.4987,3.5956
20010,3.4894,3.5976
20020,3.5364,3.6353
20030,3.5206,3.6167
20040,3.449,3.548
20050,3.4784,3.5723
20060,3.4727,3.5736
20070,3.5439,3.6391
20080,3.4744,3.5744
20090,3.5327,3.6353
20100,3.5165,3.6142
20110,3.4844,3.586
20120,3.4896,3.5877
20130,3.577,3.6766
20140,3.5886,3.6877
20150,3.4552,3.5523
20160,3.5307,3.6279
20170,3.5416,3.6378
20180,3.4684,3.5632
20190,3.5274,3.6291
20200,3.41,3.5055
20210,3.4923,3.5885
20220,3.5278,3.627
20230,3.5198,3.6222
20240,3.4908,3.5916
20250,3.5392,3.6385
20260,3.4876,3.5821
20270,3.5074,3.6066
20280,3.5048,3.6036
20290,3.4499,3.5541
20300,3.4838,3.5882
20310,3.434,3.5355
20320,3.5494,3.6524
20330,3.4614,3.5568
20340,3.4869,3.5869
20350,3.4595,3.5513
20360,3.5617,3.6588
20370,3.5136,3.6156
20380,3.4922,3.5926
20390,3.5371,3.6339
20400,3.4658,3.5701
20410,3.5022,3.6028
20420,3.5362,3.632
20430,3.5141,3.6139
20440,3.5167,3.6149
20450,3.614,3.7127
20460,3.4936,3.5989
20470,3.4401,3.5384
20480,3.5428,3.643
20490,3.5053,3.6027
20500,3.4446,3.5395
20510,3.4848,3.5856
20520,3.5052,3.5969
20530,3.4951,3.5909
20540,3.5453,3.6436
20550,3.5239,3.62
20560,3.4831,3.5783
20570,3.5036,3.5992
20580,3.398,3.497
20590,3.5716,3.6735
20600,3.5663,3.6638
20610,3.5153,3.6106
20620,3.491,3.595
20630,3.5083,3.6074
20640,3.4772,3.5749
20650,3.4329,3.5315
20660,3.4834,3.5761
20670,3.4397,3.5383
20680,3.461,3.5585
20690,3.5385,3.6327
20700,3.5022,3.6086
20710,3.5195,3.6137
20720,3.57,3.6693
20730,3.4626,3.5593
20740,3.5202,3.6255
20750,3.5375,3.6416
20760,3.5413,3.6396
20770,3.4835,3.5827
20780,3.4981,3.596
20790,3.5011,3.5987
20800,3.5582,3.6565
20810,3.5186,3.6176
20820,3.4923,3.5908
20830,3.5178,3.6167
20840,3.4718,3.5693
20850,3.502,3.6011
20860,3.4785,3.5733
20870,3.5215,3.6164
20880,3.4945,3.5928
20890,3.5308,3.635
20900,3.4768,3.5736
20910,3.5442,3.6339
20920,3.5006,3.5913
20930,3.4716,3.5645
20940,3.5127,3.6077
20950,3.4589,3.5584
20960,3.4753,3.5656
20970,3.5131,3.6079
20980,3.5352,3.634
20990,3.4688,3.5741
21000,3.5021,3.6072
21010,3.5139,3.6169
21020,3.4674,3.5667
21030,3.5029,3.6012
21040,3.4684,3.5682
21050,3.5218,3.6222
21060,3.4999,3.6057
21070,3.5011,3.6059
21080,3.4482,3.5528
21090,3.551,3.6476
21100,3.5304,3.6276
21110,3.5294,3.6295
21120,3.5575,3.657
21130,3.5622,3.6639
21140,3.4333,3.5423
21150,3.4812,3.5765
21160,3.4649,3.5635
21170,3.668,3.7652
21180,3.506,3.607
21190,3.376,3.4791
21200,3.4842,3.5817
21210,3.4898,3.587
21220,3.4329,3.5283
21230,3.5381,3.6313
21240,3.5341,3.6334
21250,3.5004,3.599
21260,3.5183,3.6149
21270,3.4439,3.5349
21280,3.5509,3.6471
21290,3.5205,3.6146
21300,3.4911,3.5902
21310,3.5177,3.6174
21320,3.3753,3.4737
21330,3.449,3.5552
21340,3.5331,3.6297
21350,3.5233,3.6247
21360,3.4462,3.5402
21370,3.5062,3.6037
21380,3.5148,3.6146
21390,3.5219,3.618
21400,3.6009,3.6954
21410,3.4426,3.5371
21420,3.4413,3.5427
21430,3.4313,3.5289
21440,3.4679,3.5676
21450,3.5243,3.6248
21460,3.5406,3.6374
21470,3.4702,3.5694
21480,3.5278,3.6268
21490,3.5237,3.6257
21500,3.4732,3.5704
21510,3.3608,3.4634
21520,3.4715,3.5708
21530,3.4689,3.5634
21540,3.5381,3.6331
21550,3.4972,3.5936
21560,3.4887,3.5846
21570,3.5003,3.5982
21580,3.4473,3.5527
21590,3.4242,3.5205
21600,3.4389,3.5411
21610,3.5452,3.6442
21620,3.5021,3.6048
21630,3.3946,3.4958
21640,3.4223,3.5282
21650,3.454,3.5482
21660,3.5518,3.6453
21670,3.4853,3.5902
21680,3.4793,3.5768
21690,3.4228,3.5193
21700,3.4771,3.5807
21710,3.5655,3.6631
21720,3.4586,3.5537
21730,3.5033,3.6053
21740,3.4835,3.5815
21750,3.4251,3.5239
21760,3.4712,3.5693
21770,3.515,3.616
21780,3.4671,3.5637
21790,3.5179,3.6225
21800,3.4011,3.5036
21810,3.434,3.5377
21820,3.4513,3.5558
21830,3.4385,3.5411
21840,3.4486,3.5431
21850,3.4681,3.5689
21860,3.5384,3.637
21870,3.4468,3.5446
21880,3.5005,3.6078
21890,3.4759,3.5758
21900,3.4802,3.5796
21910,3.5134,3.6113
21920,3.4772,3.5779
21930,3.5166,3.6209
21940,3.5609,3.6657
21950,3.4728,3.5726
21960,3.4903,3.5895
21970,3.4999,3.6018
21980,3.5528,3.6515
21990,3.4125,3.5126
22000,3.5439,3.645
22010,3.4544,3.5502
22020,3.4155,3.5192
22030,3.5008,3.5963
22040,3.5651,3.6602
22050,3.5381,3.6319
22060,3.472,3.5708
22070,3.4512,3.5534
22080,3.4643,3.5564
22090,3.5182,3.6222
22100,3.4702,3.5741
22110,3.6017,3.7019
22120,3.4502,3.552
22130,3.5173,3.615
22140,3.474,3.5783
22150,3.4707,3.5719
22160,3.5083,3.6084
22170,3.4876,3.5945
22180,3.4344,3.5314
22190,3.4776,3.5749
22200,3.4371,3.5355
22210,3.4466,3.5421
22220,3.4916,3.595
22230,3.3916,3.4922
22240,3.5765,3.676
22250,3.5057,3.6021
22260,3.492,3.5908
22270,3.4306,3.5343
22280,3.5243,3.6204
22290,3.486,3.5818
22300,3.4626,3.5631
22310,3.522,3.6186
22320,3.5069,3.6055
22330,3.4527,3.5544
22340,3.4338,3.5385
22350,3.4662,3.57
22360,3.4833,3.5803
22370,3.4385,3.5352
22380,3.4024,3.4978
22390,3.562,3.6646
22400,3.512,3.6085
22410,3.5959,3.697
22420,3.5691,3.6673
22430,3.4776,3.5707
22440,3.4387,3.5378
22450,3.476,3.5769
22460,3.4473,3.5363
22470,3.4752,3.5707
22480,3.4568,3.5517
22490,3.4466,3.5414
22500,3.5068,3.6092
22510,3.4588,3.5529
22520,3.4351,3.5379
22530,3.5474,3.6472
22540,3.4372,3.5302
22550,3.4871,3.5907
22560,3.5014,3.6
22570,3.5744,3.6679
22580,3.4606,3.5577
22590,3.5181,3.6171
22600,3.4476,3.5476
22610,3.4253,3.5272
22620,3.4677,3.567
22630,3.5047,3.6018
22640,3.4344,3.5333
22650,3.4855,3.5823
22660,3.578,3.6787
22670,3.5733,3.6745
22680,3.4718,3.5711
22690,3.4763,3.5696
22700,3.4581,3.5523
22710,3.474,3.5682
22720,3.5588,3.6538
22730,3.5118,3.6123
22740,3.4921,3.5945
22750,3.4426,3.5395
22760,3.5061,3.6058
22770,3.4867,3.5815
22780,3.5075,3.6042
22790,3.4529,3.5536
22800,3.4702,3.5749
22810,3.5263,3.6193
22820,3.4162,3.5145
22830,3.4261,3.533
22840,3.4319,3.5324
22850,3.4619,3.5598
22860,3.4362,3.5316
22870,3.4435,3.5418
22880,3.3942,3.4985
22890,3.5278,3.6279
22900,3.4786,3.583
22910,3.5559,3.6566
22920,3.4914,3.5902
22930,3.4322,3.5291
22940,3.4889,3.591
22950,3.4937,3.5849
22960,3.4772,3.5801
22970,3.4206,3.5244
22980,3.4816,3.5801
22990,3.4511,3.5504
23000,3.4949,3.5957
23010,3.4872,3.5872
23020,3.4455,3.5464
23030,3.441,3.5428
23040,3.4965,3.5982
23050,3.4752,3.5783
23060,3.4744,3.5723
23070,3.4071,3.5004
23080,3.497,3.5948
23090,3.391,3.4887
23100,3.5061,3.6078
23110,3.4777,3.5801
23120,3.4921,3.5889
23130,3.5062,3.6065
23140,3.4299,3.5254
23150,3.5068,3.6084
23160,3.4801,3.5785
23170,3.5229,3.6141
23180,3.4559,3.5496
23190,3.4108,3.5109
23200,3.5501,3.6432
23210,3.4017,3.4948
23220,3.4296,3.5325
23230,3.4415,3.5439
23240,3.5086,3.6083
23250,3.4846,3.5788
23260,3.416,3.5173
23270,3.4664,3.5655
23280,3.4043,3.5058
23290,3.4397,3.53
23300,3.4807,3.5789
23310,3.5009,3.5952
23320,3.4978,3.5917
23330,3.4139,3.5117
23340,3.5117,3.611
23350,3.5369,3.6375
23360,3.431,3.531
23370,3.4668,3.5701
23380,3.3885,3.4888
23390,3.5034,3.6025
23400,3.4675,3.5662
23410,3.5331,3.6358
23420,3.5026,3.6002
23430,3.4382,3.542
23440,3.5497,3.6525
23450,3.4568,3.554
23460,3.4553,3.5587
23470,3.5269,3.623
23480,3.4797,3.5749
23490,3.4498,3.5493
23500,3.483,3.5841
23510,3.4477,3.5467
23520,3.4128,3.517
23530,3.4974,3.5973
23540,3.4586,3.5553
23550,3.4658,3.5613
23560,3.5548,3.6518
23570,3.5441,3.6407
23580,3.4972,3.601
23590,3.5104,3.6132
23600,3.4458,3.5455
23610,3.4542,3.5482
23620,3.4384,3.5389
23630,3.4634,3.5615
23640,3.464,3.566
23650,3.4112,3.504
23660,3.4708,3.5691
23670,3.4255,3.524
23680,3.4369,3.535
