patch_kind,layer,critical_qk,gold_probability,gold_vs_fixed_competitor_margin,gold_vs_strongest_margin,top_token_id,top_token_label,strongest_competitor_token_id,strongest_competitor_token_label,qk_recovery_fraction,fixed_margin_recovery_fraction
residual_in,0,10.0008625289,0.0174546847,-2.75,-2.75,4710,␠↵↵,4710,␠↵↵,0.0,0.0
residual_in,1,10.2738545192,0.0267780058,-2.375,-2.375,4710,␠↵↵,4710,␠↵↵,0.052552905,0.1
residual_in,2,10.2438627731,0.023543328,-2.5,-2.5,4710,␠↵↵,4710,␠↵↵,0.04677928,0.0666666667
residual_in,3,10.3456942611,0.0264150969,-2.375,-2.375,4710,␠↵↵,4710,␠↵↵,0.0663825677,0.1
residual_in,4,10.3316006942,0.0214635282,-2.625,-2.625,4710,␠↵↵,4710,␠↵↵,0.0636694556,0.0333333333
residual_in,5,10.0317472783,0.0189106329,-2.75,-2.75,4710,␠↵↵,4710,␠↵↵,0.0059455345,0.0
residual_in,6,10.0368517895,0.0240340228,-2.5,-2.5,4710,␠↵↵,4710,␠↵↵,0.0069281893,0.0666666667
residual_in,7,10.2603070804,0.0220013316,-2.625,-2.625,4710,␠↵↵,4710,␠↵↵,0.0499449265,0.0333333333
residual_in,8,10.599382338,0.0229367057,-2.5,-2.5,4710,␠↵↵,4710,␠↵↵,0.1152193317,0.0666666667
residual_in,9,10.4359368506,0.0241757216,-2.5,-2.5,4710,␠↵↵,4710,␠↵↵,0.0837549098,0.0666666667
residual_in,10,10.7502635849,0.0272507432,-2.375,-2.375,4710,␠↵↵,4710,␠↵↵,0.1442650478,0.1
residual_in,11,11.2103520839,0.0326196596,-2.125,-2.125,4710,␠↵↵,4710,␠↵↵,0.2328353651,0.1666666667
residual_in,12,13.0264817612,0.1233899863,-0.625,-0.625,4710,␠↵↵,4710,␠↵↵,0.5824532802,0.5666666667
residual_in,13,12.8475518819,0.1152420217,-0.75,-0.75,4710,␠↵↵,4710,␠↵↵,0.5480080023,0.5333333333
residual_in,14,13.5232151151,0.1879912207,-0.125,-0.125,4710,␠↵↵,4710,␠↵↵,0.6780779934,0.7
residual_in,15,13.588079764,0.1898154282,-0.125,-0.125,4710,␠↵↵,4710,␠↵↵,0.6905649009,0.7
residual_in,16,14.4166960574,0.3426594374,0.625,0.625,11627,␠nine,4710,␠↵↵,0.8500794469,0.9
residual_in,17,14.2718274532,0.3294525464,0.5,0.5,11627,␠nine,4710,␠↵↵,0.8221912074,0.8666666667
residual_in,18,14.2668291133,0.3166211882,0.5,0.5,11627,␠nine,4710,␠↵↵,0.8212289913,0.8666666667
residual_in,19,14.460689005,0.3365410877,0.5,0.5,11627,␠nine,4710,␠↵↵,0.858548403,0.8666666667
residual_in,20,15.0711327355,0.4748480061,1.0,1.0,11627,␠nine,4710,␠↵↵,0.9760631747,1.0
residual_in,21,15.1096198812,0.4766410475,1.0,1.0,11627,␠nine,4710,␠↵↵,0.9834722247,1.0
residual_in,22,15.1107281023,0.4788361583,1.0,1.0,11627,␠nine,4710,␠↵↵,0.9836855652,1.0
residual_in,23,15.0621345385,0.4886623462,1.125,1.125,11627,␠nine,4710,␠↵↵,0.9743309576,1.0333333333
residual_in,24,13.0110684238,0.4930306986,1.125,1.125,11627,␠nine,4710,␠↵↵,0.5794861028,1.0333333333
residual_in,25,11.0441830395,0.4803088434,1.125,1.125,11627,␠nine,4710,␠↵↵,0.200846639,1.0333333333
residual_in,26,10.9755812314,0.5041933873,1.25,1.25,11627,␠nine,4710,␠↵↵,0.1876403017,1.0666666667
residual_in,27,10.5606615595,0.5177048479,1.25,1.25,11627,␠nine,4710,␠↵↵,0.1077653057,1.0666666667
residual_in,28,10.5556673029,0.5076353688,1.25,1.25,11627,␠nine,4710,␠↵↵,0.1068038757,1.0666666667
residual_in,29,10.4151095824,0.5002248783,1.25,1.25,11627,␠nine,4710,␠↵↵,0.0797455121,1.0666666667
residual_in,30,10.2343737774,0.5026570566,1.25,1.25,11627,␠nine,4710,␠↵↵,0.0449525807,1.0666666667
residual_in,31,10.2104438147,0.5001733594,1.25,1.25,11627,␠nine,4710,␠↵↵,0.0403458922,1.0666666667
residual_in,32,10.1300348818,0.4770548769,1.125,1.125,11627,␠nine,4710,␠↵↵,0.0248665992,1.0333333333
residual_in,33,10.1039660376,0.5039386084,1.25,1.25,11627,␠nine,4710,␠↵↵,0.0198481607,1.0666666667
residual_in,34,10.051089777,0.4982309706,1.25,1.125,11627,␠nine,40135,␠Xia,0.0096691035,1.0666666667
residual_in,35,10.0008625289,0.4360692808,1.125,1.125,11627,␠nine,4710,␠↵↵,0.0,1.0333333333
attn_out,0,10.2738545192,0.0267780058,-2.375,-2.375,4710,␠↵↵,4710,␠↵↵,0.052552905,0.1
attn_out,1,9.8132588964,0.0269124652,-2.25,-2.25,4710,␠↵↵,4710,␠↵↵,-0.0361150372,0.1333333333
attn_out,2,9.9416754722,0.0279275348,-2.25,-2.25,4710,␠↵↵,4710,␠↵↵,-0.0113939305,0.1333333333
attn_out,3,10.0070060399,0.0160833831,-2.875,-2.875,4710,␠↵↵,4710,␠↵↵,0.0011826697,-0.0333333333
attn_out,4,10.0445977079,0.0123914448,-3.25,-3.25,4710,␠↵↵,4710,␠↵↵,0.0084193339,-0.1333333333
attn_out,5,9.806615965,0.0271416034,-2.25,-2.25,4710,␠↵↵,4710,␠↵↵,-0.0373938489,0.1333333333
attn_out,6,10.3207282747,0.0186956298,-2.625,-2.625,4710,␠↵↵,4710,␠↵↵,0.0615764373,0.0333333333
attn_out,7,12.0328844137,0.068139303,-1.125,-1.125,4710,␠↵↵,4710,␠↵↵,0.3911787047,0.4333333333
attn_out,8,9.8146306263,0.0183435027,-2.75,-2.75,4710,␠↵↵,4710,␠↵↵,-0.0358509694,0.0
attn_out,9,10.0264170992,0.0166756884,-2.75,-2.75,4710,␠↵↵,4710,␠↵↵,0.004919437,0.0
attn_out,10,10.3030005078,0.0227341756,-2.5,-2.5,4710,␠↵↵,4710,␠↵↵,0.0581637157,0.0666666667
attn_out,11,11.1556930562,0.041802507,-1.75,-1.75,4710,␠↵↵,4710,␠↵↵,0.2223131125,0.2666666667
attn_out,12,10.6507022681,0.0221092757,-2.5,-2.5,4710,␠↵↵,4710,␠↵↵,0.1250987843,0.0666666667
attn_out,13,11.0540103726,0.0329822074,-2.0,-2.0,4710,␠↵↵,4710,␠↵↵,0.2027384707,0.2
attn_out,14,10.1058181222,0.0324656018,-2.0,-2.0,4710,␠↵↵,4710,␠↵↵,0.0202047002,0.2
attn_out,15,10.514220025,0.0257705825,-2.25,-2.25,4710,␠↵↵,4710,␠↵↵,0.0988249791,0.1333333333
attn_out,16,9.5237464792,0.01428558,-3.0,-3.0,4710,␠↵↵,4710,␠↵↵,-0.0918482422,-0.0666666667
attn_out,17,9.9689164327,0.0141999804,-3.0,-3.0,4710,␠↵↵,4710,␠↵↵,-0.0061498513,-0.0666666667
attn_out,18,10.6564354856,0.0185553057,-2.75,-2.75,4710,␠↵↵,4710,␠↵↵,0.1262024696,0.0
attn_out,19,10.8901978577,0.0360554703,-1.875,-1.875,4710,␠↵↵,4710,␠↵↵,0.1712033933,0.2333333333
attn_out,20,11.2138896635,0.053286734,-1.5,-1.5,4710,␠↵↵,4710,␠↵↵,0.2335163744,0.3333333333
attn_out,21,10.9068253562,0.0287637519,-2.25,-2.25,4710,␠↵↵,4710,␠↵↵,0.1744043054,0.1333333333
attn_out,22,12.1016635037,0.0215107411,-2.5,-2.5,4710,␠↵↵,4710,␠↵↵,0.40441917,0.0666666667
attn_out,23,10.0466292718,0.0302336913,-2.25,-2.25,4710,␠↵↵,4710,␠↵↵,0.0088104244,0.1333333333
attn_out,24,10.2010190561,0.0663243812,-1.5,-1.5,4710,␠↵↵,4710,␠↵↵,0.038531559,0.3333333333
attn_out,25,9.7301200204,0.0088093535,-3.5,-3.5,4710,␠↵↵,4710,␠↵↵,-0.0521198637,-0.2
attn_out,26,10.0614347575,0.0406320758,-1.875,-1.875,4710,␠↵↵,4710,␠↵↵,0.011660586,0.2333333333
attn_out,27,9.9825420593,0.0213858452,-2.625,-2.625,4710,␠↵↵,4710,␠↵↵,-0.003526821,0.0333333333
attn_out,28,10.0234075985,0.0294840806,-2.125,-2.125,4710,␠↵↵,4710,␠↵↵,0.0043400867,0.1666666667
attn_out,29,9.9892790594,0.0125341877,-3.125,-3.125,4710,␠↵↵,4710,␠↵↵,-0.0022299005,-0.1
attn_out,30,9.9974319751,0.063316627,-1.5,-1.5,4710,␠↵↵,4710,␠↵↵,-0.0006604061,0.3333333333
attn_out,31,9.981224022,0.0281267166,-2.25,-2.25,4710,␠↵↵,4710,␠↵↵,-0.0037805526,0.1333333333
attn_out,32,9.9915103006,0.0255423473,-2.5,-2.5,4710,␠↵↵,4710,␠↵↵,-0.0018003706,0.0666666667
attn_out,33,10.0013270172,0.0172797842,-2.75,-2.75,4710,␠↵↵,4710,␠↵↵,8.94173e-05,0.0
attn_out,34,10.0008625289,0.0078411514,-3.625,-3.625,4710,␠↵↵,4710,␠↵↵,0.0,-0.2333333333
attn_out,35,10.0008625289,0.0386229679,-2.0,-2.0,4710,␠↵↵,4710,␠↵↵,0.0,0.2
mlp_out,0,10.0629473919,0.027930518,-2.375,-2.375,4710,␠↵↵,4710,␠↵↵,0.0119517789,0.1
mlp_out,1,9.8955671972,0.0209067457,-2.625,-2.625,4710,␠↵↵,4710,␠↵↵,-0.0202701023,0.0333333333
mlp_out,2,9.9371265136,0.0214751579,-2.625,-2.625,4710,␠↵↵,4710,␠↵↵,-0.0122696375,0.0333333333
mlp_out,3,9.9546842598,0.0181794845,-2.75,-2.75,4710,␠↵↵,4710,␠↵↵,-0.0088896461,0.0
mlp_out,4,9.8783864503,0.0161645428,-2.875,-2.875,4710,␠↵↵,4710,␠↵↵,-0.0235775186,-0.0333333333
mlp_out,5,10.2313859433,0.0168901906,-2.875,-2.875,4710,␠↵↵,4710,␠↵↵,0.0443774013,-0.0333333333
mlp_out,6,9.9443966217,0.0211085311,-2.625,-2.625,4710,␠↵↵,4710,␠↵↵,-0.0108700898,0.0333333333
mlp_out,7,9.6803181028,0.0155809694,-3.0,-3.0,4710,␠↵↵,4710,␠↵↵,-0.0617070881,-0.0666666667
mlp_out,8,9.6573106878,0.0155495591,-3.0,-3.0,4710,␠↵↵,4710,␠↵↵,-0.0661361795,-0.0666666667
mlp_out,9,9.8830935922,0.0153652651,-2.875,-2.875,4710,␠↵↵,4710,␠↵↵,-0.0226713602,-0.0333333333
mlp_out,10,10.2346299364,0.0264303673,-2.25,-2.25,4710,␠↵↵,4710,␠↵↵,0.0450018931,0.1333333333
mlp_out,11,10.5662038328,0.0203063818,-2.5,-2.5,4710,␠↵↵,4710,␠↵↵,0.1088322329,0.0666666667
mlp_out,12,10.4603299413,0.0277804258,-2.25,-2.25,4710,␠↵↵,4710,␠↵↵,0.0884507537,0.1333333333
mlp_out,13,10.2190614297,0.0173079208,-2.75,-2.75,4710,␠↵↵,4710,␠↵↵,0.0420048445,0.0
mlp_out,14,10.3172489051,0.034630981,-1.875,-1.875,4710,␠↵↵,4710,␠↵↵,0.0609066338,0.2333333333
mlp_out,15,11.3416983549,0.0297310877,-2.25,-2.25,4710,␠↵↵,4710,␠↵↵,0.258120459,0.1333333333
mlp_out,16,10.541525865,0.0362551111,-2.0,-2.0,4710,␠↵↵,4710,␠↵↵,0.1040815481,0.2
mlp_out,17,10.8104143675,0.0217996169,-2.5,-2.5,4710,␠↵↵,4710,␠↵↵,0.1558445025,0.0666666667
mlp_out,18,9.92180237,0.0220287513,-2.375,-2.375,4710,␠↵↵,4710,␠↵↵,-0.0152196444,0.1
mlp_out,19,10.4528694367,0.0176358624,-2.875,-2.875,4710,␠↵↵,4710,␠↵↵,0.0870145534,-0.0333333333
mlp_out,20,10.3976618104,0.0293963701,-2.125,-2.125,4710,␠↵↵,4710,␠↵↵,0.0763866916,0.1666666667
mlp_out,21,10.4425647977,0.0144477999,-3.0,-3.0,4710,␠↵↵,4710,␠↵↵,0.0850308369,-0.0666666667
mlp_out,22,11.0948416859,0.009941302,-3.5,-3.5,4710,␠↵↵,4710,␠↵↵,0.2105987897,-0.2
mlp_out,23,10.465701346,0.0281889628,-2.25,-2.25,4710,␠↵↵,4710,␠↵↵,0.0894847874,0.1333333333
mlp_out,24,10.0480891707,0.0073839447,-3.75,-3.75,4710,␠↵↵,4710,␠↵↵,0.0090914654,-0.2666666667
mlp_out,25,10.0387226156,0.0143180961,-3.0,-3.0,4710,␠↵↵,4710,␠↵↵,0.0072883367,-0.0666666667
mlp_out,26,9.9951409569,0.026044883,-2.375,-2.375,4710,␠↵↵,4710,␠↵↵,-0.0011014434,0.1
mlp_out,27,10.0485493101,0.0228864503,-2.5,-2.5,4710,␠↵↵,4710,␠↵↵,0.0091800455,0.0666666667
mlp_out,28,10.0169210294,0.0263541035,-2.375,-2.375,4710,␠↵↵,4710,␠↵↵,0.0030913759,0.1
mlp_out,29,9.9952863756,0.1242832895,-0.875,-0.875,4710,␠↵↵,4710,␠↵↵,-0.0010734493,0.5
mlp_out,30,9.9956454325,0.0289140275,-2.375,-2.375,4710,␠↵↵,4710,␠↵↵,-0.0010043283,0.1
mlp_out,31,10.0006450144,0.0290740149,-2.125,-2.125,4710,␠↵↵,4710,␠↵↵,-4.18731e-05,0.1666666667
mlp_out,32,10.0035338404,0.0232071205,-2.5,-2.5,4710,␠↵↵,4710,␠↵↵,0.0005142465,0.0666666667
mlp_out,33,9.9995763389,0.0308668304,-2.25,-2.25,4710,␠↵↵,4710,␠↵↵,-0.0002476007,0.1333333333
mlp_out,34,10.0008625289,0.0678062386,-1.625,-1.625,4710,␠↵↵,4710,␠↵↵,0.0,0.3
mlp_out,35,10.0008625289,0.0018553279,-5.0625,-5.0625,4710,␠↵↵,4710,␠↵↵,0.0,-0.6166666667
